{
  "total_evaluated": 2500,
  "total_topology_passed": 2446,
  "library_size": 2434,
  "panel_size": 96,
  "mean_panel_esm": 95.96541666666667,
  "mean_panel_dist": 3.3645833333333335
}