{
  "model_name": "facebook/esm2_t6_8M_UR50D",
  "records_path": "/Users/svdr/tinker/data/petase_family_expanded/petase_records.jsonl",
  "count": 800,
  "mean": -2.443145,
  "std": 0.208581,
  "min": -2.8559,
  "p05": -2.7466,
  "p25": -2.5642,
  "median": -2.4475,
  "p75": -2.3443,
  "p95": -2.1749,
  "max": -0.4269,
  "sorted_plls": [
    -2.8559,
    -2.8549,
    -2.8548,
    -2.85,
    -2.8465,
    -2.8427,
    -2.8404,
    -2.8202,
    -2.8191,
    -2.8126,
    -2.8122,
    -2.8098,
    -2.8005,
    -2.7993,
    -2.7987,
    -2.7956,
    -2.7914,
    -2.79,
    -2.7876,
    -2.7874,
    -2.7793,
    -2.7785,
    -2.7743,
    -2.7737,
    -2.7716,
    -2.768,
    -2.7679,
    -2.7638,
    -2.7638,
    -2.7633,
    -2.7629,
    -2.7624,
    -2.7595,
    -2.7572,
    -2.7559,
    -2.7516,
    -2.7515,
    -2.7513,
    -2.7497,
    -2.7484,
    -2.7466,
    -2.7464,
    -2.7453,
    -2.7445,
    -2.7382,
    -2.7362,
    -2.7361,
    -2.735,
    -2.7336,
    -2.7308,
    -2.7306,
    -2.7289,
    -2.7287,
    -2.7231,
    -2.7214,
    -2.7179,
    -2.7175,
    -2.7136,
    -2.7127,
    -2.7038,
    -2.7017,
    -2.7008,
    -2.7004,
    -2.6978,
    -2.6972,
    -2.6947,
    -2.6938,
    -2.6899,
    -2.6893,
    -2.6878,
    -2.6861,
    -2.6859,
    -2.6851,
    -2.684,
    -2.6812,
    -2.6799,
    -2.6798,
    -2.6795,
    -2.6781,
    -2.6766,
    -2.6766,
    -2.676,
    -2.6751,
    -2.6746,
    -2.6742,
    -2.6715,
    -2.6701,
    -2.6693,
    -2.6677,
    -2.666,
    -2.6656,
    -2.665,
    -2.6645,
    -2.6641,
    -2.6638,
    -2.6635,
    -2.6632,
    -2.6617,
    -2.66,
    -2.6597,
    -2.6586,
    -2.6583,
    -2.6554,
    -2.6549,
    -2.6546,
    -2.6496,
    -2.6491,
    -2.6483,
    -2.6475,
    -2.6433,
    -2.641,
    -2.6396,
    -2.6395,
    -2.6392,
    -2.6387,
    -2.6355,
    -2.6349,
    -2.6348,
    -2.6332,
    -2.6314,
    -2.6267,
    -2.6252,
    -2.6247,
    -2.6245,
    -2.6244,
    -2.624,
    -2.6233,
    -2.6224,
    -2.6218,
    -2.621,
    -2.6205,
    -2.6198,
    -2.6196,
    -2.6175,
    -2.6171,
    -2.617,
    -2.6153,
    -2.614,
    -2.6139,
    -2.6137,
    -2.6132,
    -2.6132,
    -2.6131,
    -2.6114,
    -2.6091,
    -2.6089,
    -2.6061,
    -2.6059,
    -2.6056,
    -2.6055,
    -2.6042,
    -2.6024,
    -2.6023,
    -2.602,
    -2.6011,
    -2.6008,
    -2.6,
    -2.5998,
    -2.5995,
    -2.5983,
    -2.5981,
    -2.598,
    -2.5979,
    -2.5976,
    -2.5963,
    -2.5961,
    -2.596,
    -2.5959,
    -2.5955,
    -2.595,
    -2.5933,
    -2.5931,
    -2.5897,
    -2.5878,
    -2.5876,
    -2.5872,
    -2.5827,
    -2.5817,
    -2.5805,
    -2.579,
    -2.5785,
    -2.5751,
    -2.5743,
    -2.5726,
    -2.5717,
    -2.571,
    -2.5708,
    -2.5701,
    -2.5697,
    -2.5693,
    -2.5683,
    -2.5681,
    -2.5677,
    -2.5674,
    -2.5673,
    -2.5668,
    -2.5658,
    -2.5657,
    -2.5653,
    -2.5645,
    -2.5642,
    -2.5634,
    -2.5632,
    -2.563,
    -2.5626,
    -2.5624,
    -2.5607,
    -2.5606,
    -2.5582,
    -2.5581,
    -2.5571,
    -2.5565,
    -2.5564,
    -2.5563,
    -2.5562,
    -2.5561,
    -2.5555,
    -2.5552,
    -2.5549,
    -2.554,
    -2.554,
    -2.5539,
    -2.5535,
    -2.5535,
    -2.5529,
    -2.5525,
    -2.5522,
    -2.5516,
    -2.5512,
    -2.5512,
    -2.5497,
    -2.5479,
    -2.5468,
    -2.5444,
    -2.5435,
    -2.5432,
    -2.5427,
    -2.5404,
    -2.5402,
    -2.5391,
    -2.5388,
    -2.5387,
    -2.537,
    -2.5365,
    -2.5362,
    -2.5362,
    -2.5355,
    -2.5352,
    -2.5336,
    -2.5317,
    -2.5316,
    -2.5314,
    -2.5312,
    -2.531,
    -2.5306,
    -2.529,
    -2.5288,
    -2.5284,
    -2.5283,
    -2.5281,
    -2.5279,
    -2.5275,
    -2.5272,
    -2.5266,
    -2.5255,
    -2.5254,
    -2.5239,
    -2.5206,
    -2.5188,
    -2.5187,
    -2.5184,
    -2.5183,
    -2.5163,
    -2.5158,
    -2.5142,
    -2.5133,
    -2.5119,
    -2.5115,
    -2.5093,
    -2.5093,
    -2.5089,
    -2.5086,
    -2.5083,
    -2.508,
    -2.5072,
    -2.5056,
    -2.5049,
    -2.5043,
    -2.5038,
    -2.5036,
    -2.5034,
    -2.5033,
    -2.5029,
    -2.5027,
    -2.5026,
    -2.5023,
    -2.5006,
    -2.5003,
    -2.5003,
    -2.4993,
    -2.4978,
    -2.4967,
    -2.496,
    -2.4946,
    -2.4932,
    -2.4918,
    -2.491,
    -2.4896,
    -2.4891,
    -2.4876,
    -2.4874,
    -2.4873,
    -2.4862,
    -2.4855,
    -2.4855,
    -2.4854,
    -2.4842,
    -2.4835,
    -2.4835,
    -2.4834,
    -2.4827,
    -2.4822,
    -2.4817,
    -2.4816,
    -2.4816,
    -2.4804,
    -2.48,
    -2.4792,
    -2.4792,
    -2.4791,
    -2.4783,
    -2.4779,
    -2.4778,
    -2.4775,
    -2.4775,
    -2.4773,
    -2.4764,
    -2.4756,
    -2.4752,
    -2.4752,
    -2.4749,
    -2.4748,
    -2.4743,
    -2.4737,
    -2.4733,
    -2.4724,
    -2.472,
    -2.4719,
    -2.4718,
    -2.4717,
    -2.4716,
    -2.4705,
    -2.4703,
    -2.4702,
    -2.4695,
    -2.4692,
    -2.4683,
    -2.4675,
    -2.4674,
    -2.4671,
    -2.4669,
    -2.4665,
    -2.4664,
    -2.4662,
    -2.4659,
    -2.4649,
    -2.4649,
    -2.4642,
    -2.4635,
    -2.4633,
    -2.4624,
    -2.4621,
    -2.4614,
    -2.4606,
    -2.46,
    -2.4595,
    -2.4594,
    -2.4589,
    -2.4587,
    -2.4586,
    -2.458,
    -2.4568,
    -2.4564,
    -2.4558,
    -2.4556,
    -2.4552,
    -2.455,
    -2.4546,
    -2.4534,
    -2.4532,
    -2.4531,
    -2.4529,
    -2.4522,
    -2.4512,
    -2.4508,
    -2.4507,
    -2.4503,
    -2.4496,
    -2.4487,
    -2.4487,
    -2.4475,
    -2.4474,
    -2.4452,
    -2.4449,
    -2.4449,
    -2.4448,
    -2.4439,
    -2.4438,
    -2.4438,
    -2.4417,
    -2.4415,
    -2.4414,
    -2.44,
    -2.44,
    -2.4395,
    -2.4389,
    -2.4387,
    -2.4387,
    -2.4384,
    -2.4373,
    -2.4368,
    -2.4368,
    -2.4362,
    -2.4362,
    -2.4358,
    -2.4353,
    -2.4349,
    -2.4348,
    -2.4345,
    -2.4339,
    -2.4339,
    -2.4339,
    -2.4334,
    -2.4324,
    -2.4316,
    -2.4316,
    -2.4314,
    -2.4313,
    -2.4313,
    -2.4311,
    -2.4305,
    -2.4301,
    -2.4299,
    -2.4296,
    -2.4295,
    -2.4295,
    -2.4293,
    -2.429,
    -2.4288,
    -2.4276,
    -2.4268,
    -2.4259,
    -2.4252,
    -2.4251,
    -2.4243,
    -2.4241,
    -2.4239,
    -2.4233,
    -2.4228,
    -2.4226,
    -2.4221,
    -2.4218,
    -2.4213,
    -2.4204,
    -2.4192,
    -2.419,
    -2.4181,
    -2.417,
    -2.4167,
    -2.4165,
    -2.4159,
    -2.4158,
    -2.4156,
    -2.415,
    -2.415,
    -2.4145,
    -2.4142,
    -2.4124,
    -2.4122,
    -2.4122,
    -2.412,
    -2.4117,
    -2.4101,
    -2.4099,
    -2.4097,
    -2.4091,
    -2.4084,
    -2.4081,
    -2.4074,
    -2.407,
    -2.4066,
    -2.4062,
    -2.4061,
    -2.4059,
    -2.4058,
    -2.4057,
    -2.4055,
    -2.4049,
    -2.4047,
    -2.4036,
    -2.4032,
    -2.4031,
    -2.4014,
    -2.4007,
    -2.4006,
    -2.3991,
    -2.398,
    -2.3979,
    -2.3977,
    -2.3977,
    -2.396,
    -2.3952,
    -2.3948,
    -2.3941,
    -2.3939,
    -2.3934,
    -2.3933,
    -2.3931,
    -2.3928,
    -2.3912,
    -2.391,
    -2.3907,
    -2.3899,
    -2.3892,
    -2.389,
    -2.3885,
    -2.3874,
    -2.3874,
    -2.3865,
    -2.3861,
    -2.3856,
    -2.3842,
    -2.384,
    -2.3836,
    -2.3829,
    -2.3816,
    -2.3814,
    -2.3814,
    -2.3813,
    -2.3808,
    -2.3786,
    -2.3783,
    -2.3781,
    -2.3779,
    -2.3777,
    -2.3773,
    -2.376,
    -2.3756,
    -2.3746,
    -2.3744,
    -2.3735,
    -2.3734,
    -2.373,
    -2.3727,
    -2.3726,
    -2.372,
    -2.3718,
    -2.3718,
    -2.3713,
    -2.3713,
    -2.3707,
    -2.3707,
    -2.37,
    -2.3699,
    -2.3698,
    -2.3698,
    -2.3698,
    -2.3694,
    -2.3692,
    -2.3691,
    -2.3682,
    -2.3674,
    -2.3673,
    -2.3666,
    -2.3664,
    -2.3659,
    -2.3659,
    -2.3654,
    -2.3651,
    -2.3645,
    -2.364,
    -2.3593,
    -2.3591,
    -2.359,
    -2.3582,
    -2.3577,
    -2.3564,
    -2.3562,
    -2.3557,
    -2.3537,
    -2.3506,
    -2.3504,
    -2.3496,
    -2.3479,
